nama_pejabat,jabatan,keyword_terkait
Muhammad Sarmuji,Menteri Perindustrian,makanan dan minuman; mamin; industri agro; kelapa; gula rafinasi; tepung; terigu; tapioka; sagu; rumput laut; alga; spirulina; olahan daging; mi instan; ikan kaleng; makanan kemasan; biskuit; kertas; pulp; mebel; furniture; atsiri; karet; kayu lapis; hasil tembakau; djbc rokok ilegal; rokok tanpa pita cukai; bnn rokok elektrik; kakao; cokelat; minuman beralkohol; minuman berpemanis; nikotin; tar; teh; susu; amdk; air minum dalam kemasan; galon guna ulang; kopi; cpo; sawit; minyak sawit; pome; fame; biodiesel; bioethanol; pakan ternak
Faisol Riza,Wakil Menteri Perindustrian,makanan dan minuman; mamin; industri agro; kelapa; gula rafinasi; tepung; terigu; tapioka; sagu; rumput laut; alga; spirulina; olahan daging; mi instan; ikan kaleng; makanan kemasan; biskuit; kertas; pulp; mebel; furniture; atsiri; karet; kayu lapis; hasil tembakau; djbc rokok ilegal; rokok tanpa pita cukai; bnn rokok elektrik; kakao; cokelat; minuman beralkohol; minuman berpemanis; nikotin; tar; teh; susu; amdk; air minum dalam kemasan; galon guna ulang; kopi; cpo; sawit; minyak sawit; pome; fame; biodiesel; bioethanol; pakan ternak
Eko S.A. Cahyanto,Sekretaris Jenderal Kementerian Perindustrian,makanan dan minuman; mamin; industri agro; kelapa; gula rafinasi; tepung; terigu; tapioka; sagu; rumput laut; alga; spirulina; olahan daging; mi instan; ikan kaleng; makanan kemasan; biskuit; kertas; pulp; mebel; furniture; atsiri; karet; kayu lapis; hasil tembakau; djbc rokok ilegal; rokok tanpa pita cukai; bnn rokok elektrik; kakao; cokelat; minuman beralkohol; minuman berpemanis; nikotin; tar; teh; susu; amdk; air minum dalam kemasan; galon guna ulang; kopi; cpo; sawit; minyak sawit; pome; fame; biodiesel; bioethanol; pakan ternak
M. Rum,Inspektur Jenderal Kementerian Perindustrian,makanan dan minuman; mamin; industri agro; kelapa; gula rafinasi; tepung; terigu; tapioka; sagu; rumput laut; alga; spirulina; olahan daging; mi instan; ikan kaleng; makanan kemasan; biskuit; kertas; pulp; mebel; furniture; atsiri; karet; kayu lapis; hasil tembakau; djbc rokok ilegal; rokok tanpa pita cukai; bnn rokok elektrik; kakao; cokelat; minuman beralkohol; minuman berpemanis; nikotin; tar; teh; susu; amdk; air minum dalam kemasan; galon guna ulang; kopi; cpo; sawit; minyak sawit; pome; fame; biodiesel; bioethanol; pakan ternak
Putu Juli Ardika,Direktur Jenderal Industri Agro,makanan dan minuman; mamin; industri agro; kelapa; gula rafinasi; tepung; terigu; tapioka; sagu; rumput laut; alga; spirulina; olahan daging; mi instan; ikan kaleng; makanan kemasan; biskuit; kertas; pulp; mebel; furniture; atsiri; karet; kayu lapis; hasil tembakau; djbc rokok ilegal; rokok tanpa pita cukai; bnn rokok elektrik; kakao; cokelat; minuman beralkohol; minuman berpemanis; nikotin; tar; teh; susu; amdk; air minum dalam kemasan; galon guna ulang; kopi; cpo; sawit; minyak sawit; pome; fame; biodiesel; bioethanol; pakan ternak
Merrijantij Punguan,"Direktur Industri Minuman, Hasil Tembakau, dan Bahan Penyegar",minuman beralkohol; minuman berpemanis; amdk; air minum dalam kemasan; galon guna ulang; susu; hasil tembakau; djbc rokok ilegal; rokok tanpa pita cukai; bnn rokok elektrik; nikotin; tar; teh; kopi; kakao; cokelat
Dyan Garneta,"Direktur Industri Makanan, Hasil Laut dan Perikanan",makanan dan minuman; mamin; makanan kemasan; biskuit; mi instan; olahan daging; ikan kaleng; rumput laut; alga; spirulina; tepung; terigu; tapioka; sagu; gula rafinasi
RR Citra Rapati,Direktur Industri Hasil Hutan dan Perkebunan,kayu lapis; mebel; furniture; pulp; kertas; kelapa; karet; atsiri
Krisna Septiningrum,"Direktur Industri Kemurgi, Oleokimia, dan Pakan",sawit; minyak sawit; cpo; pome; fame; biodiesel; bioethanol; pakan ternak
